{"fill":{"alpha":1.0,"content":{"gradient":{"alpha":[1.0,1.0,1.0],"angle":0.0,"color":[[1.0,0.886274516582489,0.0],[1.0,0.886274516582489,0.0],[1.0,1.0,0.9882352948188782]],"mode":"all","percent":[0.11283185840707964,0.9137168141592921,0.4690265486725664]},"render_type":"gradient","solid":{"alpha":1.0,"color":[1.0,0.886274516582489,0.0]},"texture":{"alpha":1.0,"angle":90.0,"blend":"no","flip":[false,false],"path":"","range":4,"scale":1.0}}},"inner_shadows":[],"shadows":[{"alpha":0.39296187683284456,"angle":0.0,"content":{"gradient":{"alpha":[1.0,1.0],"angle":90.0,"color":[[1.0,1.0,1.0],[0.686274528503418,0.686274528503418,0.686274528503418]],"mode":"character","percent":[0.0,1.0]},"render_type":"solid","solid":{"alpha":1.0,"color":[0.8392156958580017,0.0,0.0]},"texture":{"alpha":1.0,"angle":90.0,"blend":"no","flip":[false,false],"path":"","range":4,"scale":1.0}},"diffuse":0.03233137829912028,"distance":0.0,"enable":true,"strokes":[]}],"strokes":[{"alpha":1.0,"content":{"gradient":{"alpha":[1.0,1.0],"angle":90.0,"color":[[1.0,1.0,1.0],[0.686274528503418,0.686274528503418,0.686274528503418]],"mode":"character","percent":[0.0,1.0]},"render_type":"solid","solid":{"alpha":1.0,"color":[0.0,0.0,0.0]},"texture":{"alpha":1.0,"angle":0.0,"blend":"no","flip":[false,false],"path":"1718086610478.jpg","range":1,"scale":1.0}},"enable":true,"width":0.024},{"alpha":1.0,"content":{"gradient":{"alpha":[1.0,1.0],"angle":90.0,"color":[[1.0,1.0,1.0],[0.686274528503418,0.686274528503418,0.686274528503418]],"mode":"character","percent":[0.0,1.0]},"render_type":"solid","solid":{"alpha":1.0,"color":[0.9019607901573181,0.0,0.0]},"texture":{"alpha":1.0,"angle":90.0,"blend":"no","flip":[false,false],"path":"","range":4,"scale":1.0}},"enable":true,"width":0.06686217008797654},{"alpha":1.0,"content":{"gradient":{"alpha":[1.0,1.0],"angle":90.0,"color":[[1.0,1.0,1.0],[0.686274528503418,0.686274528503418,0.686274528503418]],"mode":"character","percent":[0.0,1.0]},"render_type":"solid","solid":{"alpha":1.0,"color":[0.0,0.0,0.0]},"texture":{"alpha":1.0,"angle":90.0,"blend":"no","flip":[false,false],"path":"","range":4,"scale":1.0}},"enable":true,"width":0.084}],"textable":false,"version":3.0,"version_sdk":"16.6.0"}